<?xml version="1.0" encoding="utf-8" ?>
<configuration>
    <springProperty scope="context" name="logHome" source="logging.home" defaultValue="logs"/>
    <property name="LOG_HOME" value="c:/logs"></property>

    <springProperty scope="context" name="logName" source="logging.name" defaultValue="app"/>
    <property name="LOG_NAME" value="logs"></property>

    <conversionRule conversionWord="clr" converterClass="org.springframework.boot.logging.logback.ColorConverter"/>
    <conversionRule conversionWord="wex"
                    converterClass="org.springframework.boot.logging.logback.WhitespaceThrowableProxyConverter"/>
    <conversionRule conversionWord="wEx"
                    converterClass="org.springframework.boot.logging.logback.ExtendedWhitespaceThrowableProxyConverter"/>
    <property name="FILE_LOG_PATTERN"
              value="${FILE_LOG_PATTERN:-%d{yyyy-MM-dd HH:mm:ss.SSS} ${LOG_LEVEL_PATTERN:-%5p} ${PID:- } --- [%t] %-40.40logger{39} : %m%n${LOG_EXCEPTION_CONVERSION_WORD:-%wEx}}"/>
    <property name="CONSOLE_LOG_PATTERN"
              value="${CONSOLE_LOG_PATTERN:-%clr(%d{HH:mm:ss.SSS}) %clr(%-40.40logger{39}){cyan} %clr(:){faint} %m%n${LOG_EXCEPTION_CONVERSION_WORD:-%wEx}}"/>

    <appender name="consoleLog" class="ch.qos.logback.core.ConsoleAppender">
        <layout class="ch.qos.logback.classic.PatternLayout">
            <pattern>
                ${CONSOLE_LOG_PATTERN}
            </pattern>
        </layout>
    </appender>

    <appender name="fileInfoLog" class="ch.qos.logback.core.rolling.RollingFileAppender">
        <!--<filter class="ch.qos.logback.classic.filter.LevelFilter">-->
        <!--<level>ERROR</level>-->
        <!--<onMatch>DENY</onMatch>-->
        <!--<onMismatch>ACCEPT</onMismatch>-->
        <!--</filter>-->
        <encoder>
            <pattern>
                ${FILE_LOG_PATTERN}
            </pattern>
        </encoder>
        <file>${LOG_HOME}/${LOG_NAME}-all.log</file>
        <rollingPolicy class="ch.qos.logback.core.rolling.TimeBasedRollingPolicy">
            <fileNamePattern>
                ${LOG_HOME}/backup/${LOG_NAME}-log-all-%d{yyyy-MM-dd}.%i.log
            </fileNamePattern>
            <maxHistory>365</maxHistory>
            <timeBasedFileNamingAndTriggeringPolicy class="ch.qos.logback.core.rolling.SizeAndTimeBasedFNATP">
                <maxFileSize>5MB</maxFileSize>
            </timeBasedFileNamingAndTriggeringPolicy>
        </rollingPolicy>
    </appender>

    <appender name="fileErrorLog" class="ch.qos.logback.core.rolling.RollingFileAppender">
        <filter class="ch.qos.logback.classic.filter.ThresholdFilter">
            <level>ERROR</level>
        </filter>
        <encoder>
            <pattern>
                ${FILE_LOG_PATTERN}
            </pattern>
        </encoder>
        <file>${LOG_HOME}/${LOG_NAME}-error.log</file>
        <rollingPolicy class="ch.qos.logback.core.rolling.TimeBasedRollingPolicy">
            <fileNamePattern>
                ${LOG_HOME}/backup/${LOG_NAME}-log-error-%d{yyyy-MM-dd}.%i.log
            </fileNamePattern>
            <maxHistory>365</maxHistory>

            <timeBasedFileNamingAndTriggeringPolicy class="ch.qos.logback.core.rolling.SizeAndTimeBasedFNATP">
                <maxFileSize>5MB</maxFileSize>
            </timeBasedFileNamingAndTriggeringPolicy>
        </rollingPolicy>
    </appender>

    <root level="${logging.level.root}">
        <appender-ref ref="consoleLog"/>
        <appender-ref ref="fileInfoLog"/>
        <appender-ref ref="fileErrorLog"/>
    </root>
</configuration>